{
  "eye": {
    "orientation": [
      -0.02011849731206894,
      0.3838393986225128,
      0.20297840237617493,
      0.9005900621414185
    ],
    "magnitude": 1,
    "position": [
      1406.399169921875,
      575.4490356445312,
      1090.3251953125
    ]
  },
  "radius": 793.2212524414062,
  "type": "PERSPECTIVE"
}